predicted_material,size
 припомним жуликам и ворам их манифест 2002 ,200
 видеозапись грот и 25 17 просыпайтесь ,133
аудиофайлы с названиями банда москвы виват россии mp 3 и грот дым mp3 url адрес социальная сеть в контакте ,95
музыкальное произведение радикальный голос группы коловрат ,77
 текстовая часть аудиозаписи sel mi на стягу коловрат всем славянам длительностью 03 минуты 08 секунд начинающаяся словами мы стали сплочённее за плечами четверть века и заканчивающаяся словами стирая границы ох погуляют славяне размещенная пользователем владимир мартынов на официальном интернет на веб сервисе сайта вконтакте ,74
видеозапись тимур муцураев иерусалим 1998 г длительностью 9 минут 37 секунд размещенная на по электронному адресу ,69
цикл фильмов игры богов состоящий из восьми актов театр артисты и зрители эстетика общение музыка слово правильное образование в трех частях славянские привычки живой огонь в четырех частях мир в двух частях ,65
видеоролик обращение бойцов славянского союза к русским гончаровым о в на интернет странице по в в контакте ру ,54
аудиоматериалы на е они ушли таухид удар клинка чечня в огне шахид ,52
аудиозапись под названием тимур муцураев 12000 муджахедов mр3 продолжительностью 04 мин 45 сек начинающаяся словами багрово на закате солнце и заканчивающаяся словами все ж покорим йерусалим ,46
текст песни и видеоролик тимур муцураев исламская умма продолжительностью около 5 мин 40 сек ,44
аудиофайл коловрат слава россии в в вконтакте на интернет странице пользователя влад черняк по ,40
аудиокомпозиция коррозия металла бей чертей группы коррозия металла размещенная на интернет сайте ,39
 12 песня о аллах мир окутан страшной мглой ,38
текст песни группы коловрат под названием честь и кровь автором и исполнителем которой является герасимов денис андреевич ,37
dvd диск с фильмом чудеса корана ,36
аудиозапись аргентина секс драка полная версия 3 54 ,36
аудиозапись 25 17 будь белым размещенная на id15338492 вконтакте ,35
 видеоролик тесак против эдуарда багирова допи делся нец временной продолжительностью 8 минут 32 секунды по 99984588 ,34
